{
    "Acc": 0.9435500305685756,
    "F1": 0.9544482815326427
}
